data,marca,descricao,disponibilidade,loja,sku,preco_moeda,preco_valor,url
2022-04-01 11:56:13.450845,Singleton,Whisky Singleton 12 Anos Dufftown 700 ml,InStock,Casa da Bebida,874,BRL,189.91,https://www.casadabebida.com.br/whisky/singleton-12-anos-of-glen-ord-700-ml/
2022-04-01 11:56:14.943618,Glenfiddich,Whisky Glenfiddich 12 anos 750ml,InStock,Casa da Bebida,114,BRL,284.91,https://www.casadabebida.com.br/whisky/single-malt/whisky-glenfiddich-12-anos/
2022-04-01 11:56:14.191140,Glenkinchie,Whisky Glenkinchie 12 Anos 750 ml - Single Malt,InStock,Casa da Bebida,873,BRL,351.41,https://www.casadabebida.com.br/whisky/glenkinchie-12-anos-750-ml/
2022-04-01 11:56:15.728990,Talisker,Whisky Talisker 10 anos 750 ml,InStock,Casa da Bebida,872,BRL,379.91,https://www.casadabebida.com.br/whisky/talisker-10-anos-750-ml/
2022-04-01 11:56:16.482897,Johnnie Walker,Whisky Johnnie Walker Green Label 750 ml,InStock,Casa da Bebida,15,BRL,379.91,https://www.casadabebida.com.br/whisky/whisky-johnnie-walker-green-label/
2022-04-01 11:56:17.251146,Glenlivet,Whisky Glenlivet 15 anos 750 ml,InStock,Casa da Bebida,1139,BRL,379.91,https://www.casadabebida.com.br/whisky/glenlivet-15-anos-750-ml/
2022-04-01 11:56:17.946285,Laphroaig,Whisky Laphroaig 10 Anos 750 ml,InStock,Casa da Bebida,750,BRL,398.91,https://www.casadabebida.com.br/whisky/whisky-laphroaig-10-anos/
2022-04-01 11:56:18.780784,Macallan,Whisky Macallan Sherry Oak 12 anos 700 ml,InStock,Casa da Bebida,2744,BRL,906.21,https://www.casadabebida.com.br/whisky/macallan-sherry-oak-12-anos-700-ml/
2022-04-01 11:56:19.503811,Macallan,Whisky The Macallan 18 anos - Double Cask 700 ml,InStock,Casa da Bebida,226,BRL,3061.76,https://www.casadabebida.com.br/whisky/whisky-the-macallan-18-anos/
2022-04-01 20:36:39.841188,Singleton,Whisky Singleton 12 Anos Dufftown 700 ml,InStock,Casa da Bebida,874,BRL,189.91,https://www.casadabebida.com.br/whisky/singleton-12-anos-of-glen-ord-700-ml/
2022-04-01 20:36:42.429615,Glenfiddich,Whisky Glenfiddich 12 anos 750ml,InStock,Casa da Bebida,114,BRL,284.91,https://www.casadabebida.com.br/whisky/single-malt/whisky-glenfiddich-12-anos/
2022-04-01 20:36:41.026202,Glenkinchie,Whisky Glenkinchie 12 Anos 750 ml - Single Malt,InStock,Casa da Bebida,873,BRL,351.41,https://www.casadabebida.com.br/whisky/glenkinchie-12-anos-750-ml/
2022-04-01 20:36:43.949697,Talisker,Whisky Talisker 10 anos 750 ml,InStock,Casa da Bebida,872,BRL,379.91,https://www.casadabebida.com.br/whisky/talisker-10-anos-750-ml/
2022-04-01 20:36:45.226073,Johnnie Walker,Whisky Johnnie Walker Green Label 750 ml,InStock,Casa da Bebida,15,BRL,379.91,https://www.casadabebida.com.br/whisky/whisky-johnnie-walker-green-label/
2022-04-01 20:36:46.425419,Glenlivet,Whisky Glenlivet 15 anos 750 ml,InStock,Casa da Bebida,1139,BRL,379.91,https://www.casadabebida.com.br/whisky/glenlivet-15-anos-750-ml/
2022-04-01 20:36:47.669692,Laphroaig,Whisky Laphroaig 10 Anos 750 ml,InStock,Casa da Bebida,750,BRL,398.91,https://www.casadabebida.com.br/whisky/whisky-laphroaig-10-anos/
2022-04-01 20:36:48.856324,Macallan,Whisky Macallan Sherry Oak 12 anos 700 ml,InStock,Casa da Bebida,2744,BRL,906.21,https://www.casadabebida.com.br/whisky/macallan-sherry-oak-12-anos-700-ml/
2022-04-01 20:36:50.113152,Macallan,Whisky The Macallan 18 anos - Double Cask 700 ml,InStock,Casa da Bebida,226,BRL,3061.76,https://www.casadabebida.com.br/whisky/whisky-the-macallan-18-anos/
2022-04-02 01:05:48.519654,Singleton,Whisky Singleton 12 Anos Dufftown 700 ml,InStock,Casa da Bebida,874,BRL,189.91,https://www.casadabebida.com.br/whisky/singleton-12-anos-of-glen-ord-700-ml/
2022-04-02 01:05:51.798305,Glenfiddich,Whisky Glenfiddich 12 anos 750ml,InStock,Casa da Bebida,114,BRL,284.91,https://www.casadabebida.com.br/whisky/single-malt/whisky-glenfiddich-12-anos/
2022-04-02 01:05:50.124047,Glenkinchie,Whisky Glenkinchie 12 Anos 750 ml - Single Malt,InStock,Casa da Bebida,873,BRL,351.41,https://www.casadabebida.com.br/whisky/glenkinchie-12-anos-750-ml/
2022-04-02 01:05:53.393339,Talisker,Whisky Talisker 10 anos 750 ml,InStock,Casa da Bebida,872,BRL,379.91,https://www.casadabebida.com.br/whisky/talisker-10-anos-750-ml/
2022-04-02 01:05:55.064449,Johnnie Walker,Whisky Johnnie Walker Green Label 750 ml,InStock,Casa da Bebida,15,BRL,379.91,https://www.casadabebida.com.br/whisky/whisky-johnnie-walker-green-label/
2022-04-02 01:05:56.693777,Glenlivet,Whisky Glenlivet 15 anos 750 ml,InStock,Casa da Bebida,1139,BRL,379.91,https://www.casadabebida.com.br/whisky/glenlivet-15-anos-750-ml/
2022-04-02 01:05:58.343585,Laphroaig,Whisky Laphroaig 10 Anos 750 ml,InStock,Casa da Bebida,750,BRL,398.91,https://www.casadabebida.com.br/whisky/whisky-laphroaig-10-anos/
2022-04-02 01:06:00.113826,Macallan,Whisky Macallan Sherry Oak 12 anos 700 ml,InStock,Casa da Bebida,2744,BRL,906.21,https://www.casadabebida.com.br/whisky/macallan-sherry-oak-12-anos-700-ml/
2022-04-02 01:06:01.765949,Macallan,Whisky The Macallan 18 anos - Double Cask 700 ml,InStock,Casa da Bebida,226,BRL,3061.76,https://www.casadabebida.com.br/whisky/whisky-the-macallan-18-anos/
2022-04-03 01:10:51.876847,Singleton,Whisky Singleton 12 Anos Dufftown 700 ml,InStock,Casa da Bebida,874,BRL,189.91,https://www.casadabebida.com.br/whisky/singleton-12-anos-of-glen-ord-700-ml/
2022-04-03 01:10:55.991996,Glenfiddich,Whisky Glenfiddich 12 anos 750ml,InStock,Casa da Bebida,114,BRL,284.91,https://www.casadabebida.com.br/whisky/single-malt/whisky-glenfiddich-12-anos/
2022-04-03 01:10:54.215219,Glenkinchie,Whisky Glenkinchie 12 Anos 750 ml - Single Malt,InStock,Casa da Bebida,873,BRL,351.41,https://www.casadabebida.com.br/whisky/glenkinchie-12-anos-750-ml/
2022-04-03 01:10:57.664764,Talisker,Whisky Talisker 10 anos 750 ml,InStock,Casa da Bebida,872,BRL,379.91,https://www.casadabebida.com.br/whisky/talisker-10-anos-750-ml/
2022-04-03 01:10:59.393521,Johnnie Walker,Whisky Johnnie Walker Green Label 750 ml,InStock,Casa da Bebida,15,BRL,379.91,https://www.casadabebida.com.br/whisky/whisky-johnnie-walker-green-label/
2022-04-03 01:11:01.246652,Glenlivet,Whisky Glenlivet 15 anos 750 ml,InStock,Casa da Bebida,1139,BRL,379.91,https://www.casadabebida.com.br/whisky/glenlivet-15-anos-750-ml/
2022-04-03 01:11:02.993811,Laphroaig,Whisky Laphroaig 10 Anos 750 ml,InStock,Casa da Bebida,750,BRL,398.91,https://www.casadabebida.com.br/whisky/whisky-laphroaig-10-anos/
2022-04-03 01:11:05.024460,Macallan,Whisky Macallan Sherry Oak 12 anos 700 ml,InStock,Casa da Bebida,2744,BRL,906.21,https://www.casadabebida.com.br/whisky/macallan-sherry-oak-12-anos-700-ml/
2022-04-03 01:11:06.716762,Macallan,Whisky The Macallan 18 anos - Double Cask 700 ml,InStock,Casa da Bebida,226,BRL,3061.76,https://www.casadabebida.com.br/whisky/whisky-the-macallan-18-anos/
2022-04-04 01:10:50.606602,Singleton,Whisky Singleton 12 Anos Dufftown 700 ml,InStock,Casa da Bebida,874,BRL,189.91,https://www.casadabebida.com.br/whisky/singleton-12-anos-of-glen-ord-700-ml/
2022-04-04 01:10:53.139168,Glenfiddich,Whisky Glenfiddich 12 anos 750ml,InStock,Casa da Bebida,114,BRL,284.91,https://www.casadabebida.com.br/whisky/single-malt/whisky-glenfiddich-12-anos/
2022-04-04 01:10:51.900226,Glenkinchie,Whisky Glenkinchie 12 Anos 750 ml - Single Malt,InStock,Casa da Bebida,873,BRL,351.41,https://www.casadabebida.com.br/whisky/glenkinchie-12-anos-750-ml/
2022-04-04 01:10:54.323583,Talisker,Whisky Talisker 10 anos 750 ml,InStock,Casa da Bebida,872,BRL,379.91,https://www.casadabebida.com.br/whisky/talisker-10-anos-750-ml/
2022-04-04 01:10:56.197115,Johnnie Walker,Whisky Johnnie Walker Green Label 750 ml,InStock,Casa da Bebida,15,BRL,379.91,https://www.casadabebida.com.br/whisky/whisky-johnnie-walker-green-label/
2022-04-04 01:10:57.379722,Glenlivet,Whisky Glenlivet 15 anos 750 ml,InStock,Casa da Bebida,1139,BRL,379.91,https://www.casadabebida.com.br/whisky/glenlivet-15-anos-750-ml/
2022-04-04 01:10:58.594839,Laphroaig,Whisky Laphroaig 10 Anos 750 ml,InStock,Casa da Bebida,750,BRL,398.91,https://www.casadabebida.com.br/whisky/whisky-laphroaig-10-anos/
2022-04-04 01:10:59.906425,Macallan,Whisky Macallan Sherry Oak 12 anos 700 ml,InStock,Casa da Bebida,2744,BRL,906.21,https://www.casadabebida.com.br/whisky/macallan-sherry-oak-12-anos-700-ml/
2022-04-04 01:11:01.118104,Macallan,Whisky The Macallan 18 anos - Double Cask 700 ml,InStock,Casa da Bebida,226,BRL,3061.76,https://www.casadabebida.com.br/whisky/whisky-the-macallan-18-anos/
2022-04-05 01:08:17.827757,Singleton,Whisky Singleton 12 Anos Dufftown 700 ml,InStock,Casa da Bebida,874,BRL,189.91,https://www.casadabebida.com.br/whisky/singleton-12-anos-of-glen-ord-700-ml/
2022-04-05 01:08:20.801304,Glenfiddich,Whisky Glenfiddich 12 anos 750ml,InStock,Casa da Bebida,114,BRL,284.91,https://www.casadabebida.com.br/whisky/single-malt/whisky-glenfiddich-12-anos/
2022-04-05 01:08:19.208184,Glenkinchie,Whisky Glenkinchie 12 Anos 750 ml - Single Malt,InStock,Casa da Bebida,873,BRL,351.41,https://www.casadabebida.com.br/whisky/glenkinchie-12-anos-750-ml/
2022-04-05 01:08:22.334416,Talisker,Whisky Talisker 10 anos 750 ml,InStock,Casa da Bebida,872,BRL,379.91,https://www.casadabebida.com.br/whisky/talisker-10-anos-750-ml/
2022-04-05 01:08:23.767827,Johnnie Walker,Whisky Johnnie Walker Green Label 750 ml,InStock,Casa da Bebida,15,BRL,379.91,https://www.casadabebida.com.br/whisky/whisky-johnnie-walker-green-label/
2022-04-05 01:08:25.154530,Glenlivet,Whisky Glenlivet 15 anos 750 ml,InStock,Casa da Bebida,1139,BRL,379.91,https://www.casadabebida.com.br/whisky/glenlivet-15-anos-750-ml/
2022-04-05 01:08:26.572395,Laphroaig,Whisky Laphroaig 10 Anos 750 ml,InStock,Casa da Bebida,750,BRL,398.91,https://www.casadabebida.com.br/whisky/whisky-laphroaig-10-anos/
2022-04-05 01:08:28.454408,Macallan,Whisky Macallan Sherry Oak 12 anos 700 ml,InStock,Casa da Bebida,2744,BRL,906.21,https://www.casadabebida.com.br/whisky/macallan-sherry-oak-12-anos-700-ml/
2022-04-05 01:08:29.874311,Macallan,Whisky The Macallan 18 anos - Double Cask 700 ml,InStock,Casa da Bebida,226,BRL,3061.76,https://www.casadabebida.com.br/whisky/whisky-the-macallan-18-anos/
2022-04-06 01:10:56.438115,Singleton,Whisky Singleton 12 Anos Dufftown 700 ml,InStock,Casa da Bebida,874,BRL,189.91,https://www.casadabebida.com.br/whisky/singleton-12-anos-of-glen-ord-700-ml/
2022-04-06 01:10:59.953645,Glenfiddich,Whisky Glenfiddich 12 anos 750ml,InStock,Casa da Bebida,114,BRL,284.91,https://www.casadabebida.com.br/whisky/single-malt/whisky-glenfiddich-12-anos/
2022-04-06 01:10:58.218427,Glenkinchie,Whisky Glenkinchie 12 Anos 750 ml - Single Malt,InStock,Casa da Bebida,873,BRL,351.41,https://www.casadabebida.com.br/whisky/glenkinchie-12-anos-750-ml/
2022-04-06 01:11:01.586408,Talisker,Whisky Talisker 10 anos 750 ml,InStock,Casa da Bebida,872,BRL,379.91,https://www.casadabebida.com.br/whisky/talisker-10-anos-750-ml/
2022-04-06 01:11:03.880765,Johnnie Walker,Whisky Johnnie Walker Green Label 750 ml,InStock,Casa da Bebida,15,BRL,379.91,https://www.casadabebida.com.br/whisky/whisky-johnnie-walker-green-label/
2022-04-06 01:11:05.560296,Glenlivet,Whisky Glenlivet 15 anos 750 ml,InStock,Casa da Bebida,1139,BRL,379.91,https://www.casadabebida.com.br/whisky/glenlivet-15-anos-750-ml/
2022-04-06 01:11:07.229559,Laphroaig,Whisky Laphroaig 10 Anos 750 ml,InStock,Casa da Bebida,750,BRL,398.91,https://www.casadabebida.com.br/whisky/whisky-laphroaig-10-anos/
2022-04-06 01:11:08.955295,Macallan,Whisky Macallan Sherry Oak 12 anos 700 ml,InStock,Casa da Bebida,2744,BRL,906.21,https://www.casadabebida.com.br/whisky/macallan-sherry-oak-12-anos-700-ml/
2022-04-06 01:11:10.843100,Macallan,Whisky The Macallan 18 anos - Double Cask 700 ml,InStock,Casa da Bebida,226,BRL,3061.76,https://www.casadabebida.com.br/whisky/whisky-the-macallan-18-anos/
2022-04-07 01:09:55.177786,Singleton,Whisky Singleton 12 Anos Dufftown 700 ml,InStock,Casa da Bebida,874,BRL,189.91,https://www.casadabebida.com.br/whisky/singleton-12-anos-of-glen-ord-700-ml/
2022-04-07 01:09:58.036316,Glenfiddich,Whisky Glenfiddich 12 anos 750ml,InStock,Casa da Bebida,114,BRL,284.91,https://www.casadabebida.com.br/whisky/single-malt/whisky-glenfiddich-12-anos/
2022-04-07 01:09:56.566420,Glenkinchie,Whisky Glenkinchie 12 Anos 750 ml - Single Malt,InStock,Casa da Bebida,873,BRL,351.41,https://www.casadabebida.com.br/whisky/glenkinchie-12-anos-750-ml/
2022-04-07 01:09:59.410980,Talisker,Whisky Talisker 10 anos 750 ml,InStock,Casa da Bebida,872,BRL,379.91,https://www.casadabebida.com.br/whisky/talisker-10-anos-750-ml/
2022-04-07 01:10:00.875210,Johnnie Walker,Whisky Johnnie Walker Green Label 750 ml,InStock,Casa da Bebida,15,BRL,379.91,https://www.casadabebida.com.br/whisky/whisky-johnnie-walker-green-label/
2022-04-07 01:10:02.417380,Glenlivet,Whisky Glenlivet 15 anos 750 ml,InStock,Casa da Bebida,1139,BRL,379.91,https://www.casadabebida.com.br/whisky/glenlivet-15-anos-750-ml/
2022-04-07 01:10:04.327213,Laphroaig,Whisky Laphroaig 10 Anos 750 ml,InStock,Casa da Bebida,750,BRL,398.91,https://www.casadabebida.com.br/whisky/whisky-laphroaig-10-anos/
2022-04-07 01:10:05.710492,Macallan,Whisky Macallan Sherry Oak 12 anos 700 ml,InStock,Casa da Bebida,2744,BRL,906.21,https://www.casadabebida.com.br/whisky/macallan-sherry-oak-12-anos-700-ml/
2022-04-07 01:10:07.143464,Macallan,Whisky The Macallan 18 anos - Double Cask 700 ml,InStock,Casa da Bebida,226,BRL,3061.76,https://www.casadabebida.com.br/whisky/whisky-the-macallan-18-anos/
2022-04-08 01:07:13.339256,Singleton,Whisky Singleton 12 Anos Dufftown 700 ml,InStock,Casa da Bebida,874,BRL,189.91,https://www.casadabebida.com.br/whisky/singleton-12-anos-of-glen-ord-700-ml/
2022-04-08 01:07:16.166299,Glenfiddich,Whisky Glenfiddich 12 anos 750ml,InStock,Casa da Bebida,114,BRL,284.91,https://www.casadabebida.com.br/whisky/single-malt/whisky-glenfiddich-12-anos/
2022-04-08 01:07:14.760353,Glenkinchie,Whisky Glenkinchie 12 Anos 750 ml - Single Malt,InStock,Casa da Bebida,873,BRL,351.41,https://www.casadabebida.com.br/whisky/glenkinchie-12-anos-750-ml/
2022-04-08 01:07:17.598368,Talisker,Whisky Talisker 10 anos 750 ml,InStock,Casa da Bebida,872,BRL,379.91,https://www.casadabebida.com.br/whisky/talisker-10-anos-750-ml/
2022-04-08 01:07:19.031984,Johnnie Walker,Whisky Johnnie Walker Green Label 750 ml,InStock,Casa da Bebida,15,BRL,379.91,https://www.casadabebida.com.br/whisky/whisky-johnnie-walker-green-label/
2022-04-08 01:07:20.615375,Glenlivet,Whisky Glenlivet 15 anos 750 ml,InStock,Casa da Bebida,1139,BRL,379.91,https://www.casadabebida.com.br/whisky/glenlivet-15-anos-750-ml/
2022-04-08 01:07:21.970033,Laphroaig,Whisky Laphroaig 10 Anos 750 ml,InStock,Casa da Bebida,750,BRL,398.91,https://www.casadabebida.com.br/whisky/whisky-laphroaig-10-anos/
2022-04-08 01:07:23.798739,Macallan,Whisky Macallan Sherry Oak 12 anos 700 ml,InStock,Casa da Bebida,2744,BRL,906.21,https://www.casadabebida.com.br/whisky/macallan-sherry-oak-12-anos-700-ml/
2022-04-08 01:07:25.537256,Macallan,Whisky The Macallan 18 anos - Double Cask 700 ml,InStock,Casa da Bebida,226,BRL,3061.76,https://www.casadabebida.com.br/whisky/whisky-the-macallan-18-anos/
2022-04-09 01:07:16.001472,Singleton,Whisky Singleton 12 Anos Dufftown 700 ml,InStock,Casa da Bebida,874,BRL,189.91,https://www.casadabebida.com.br/whisky/singleton-12-anos-of-glen-ord-700-ml/
2022-04-09 01:07:19.569314,Glenfiddich,Whisky Glenfiddich 12 anos 750ml,InStock,Casa da Bebida,114,BRL,284.91,https://www.casadabebida.com.br/whisky/single-malt/whisky-glenfiddich-12-anos/
2022-04-09 01:07:17.701074,Glenkinchie,Whisky Glenkinchie 12 Anos 750 ml - Single Malt,InStock,Casa da Bebida,873,BRL,351.41,https://www.casadabebida.com.br/whisky/glenkinchie-12-anos-750-ml/
2022-04-09 01:07:21.271671,Talisker,Whisky Talisker 10 anos 750 ml,InStock,Casa da Bebida,872,BRL,379.91,https://www.casadabebida.com.br/whisky/talisker-10-anos-750-ml/
2022-04-09 01:07:23.512224,Johnnie Walker,Whisky Johnnie Walker Green Label 750 ml,InStock,Casa da Bebida,15,BRL,379.91,https://www.casadabebida.com.br/whisky/whisky-johnnie-walker-green-label/
2022-04-09 01:07:25.204306,Glenlivet,Whisky Glenlivet 15 anos 750 ml,InStock,Casa da Bebida,1139,BRL,379.91,https://www.casadabebida.com.br/whisky/glenlivet-15-anos-750-ml/
2022-04-09 01:07:27.553486,Laphroaig,Whisky Laphroaig 10 Anos 750 ml,InStock,Casa da Bebida,750,BRL,398.91,https://www.casadabebida.com.br/whisky/whisky-laphroaig-10-anos/
2022-04-09 01:07:29.301872,Macallan,Whisky Macallan Sherry Oak 12 anos 700 ml,InStock,Casa da Bebida,2744,BRL,906.21,https://www.casadabebida.com.br/whisky/macallan-sherry-oak-12-anos-700-ml/
2022-04-09 01:07:30.962163,Macallan,Whisky The Macallan 18 anos - Double Cask 700 ml,InStock,Casa da Bebida,226,BRL,3061.76,https://www.casadabebida.com.br/whisky/whisky-the-macallan-18-anos/
2022-04-10 01:12:09.106165,Singleton,Whisky Singleton 12 Anos Dufftown 700 ml,InStock,Casa da Bebida,874,BRL,189.91,https://www.casadabebida.com.br/whisky/singleton-12-anos-of-glen-ord-700-ml/
2022-04-10 01:12:11.902208,Glenfiddich,Whisky Glenfiddich 12 anos 750ml,InStock,Casa da Bebida,114,BRL,284.91,https://www.casadabebida.com.br/whisky/single-malt/whisky-glenfiddich-12-anos/
2022-04-10 01:12:10.419022,Glenkinchie,Whisky Glenkinchie 12 Anos 750 ml - Single Malt,InStock,Casa da Bebida,873,BRL,351.41,https://www.casadabebida.com.br/whisky/glenkinchie-12-anos-750-ml/
2022-04-10 01:12:13.269967,Talisker,Whisky Talisker 10 anos 750 ml,InStock,Casa da Bebida,872,BRL,379.91,https://www.casadabebida.com.br/whisky/talisker-10-anos-750-ml/
2022-04-10 01:12:14.550767,Johnnie Walker,Whisky Johnnie Walker Green Label 750 ml,InStock,Casa da Bebida,15,BRL,379.91,https://www.casadabebida.com.br/whisky/whisky-johnnie-walker-green-label/
2022-04-10 01:12:15.862469,Glenlivet,Whisky Glenlivet 15 anos 750 ml,InStock,Casa da Bebida,1139,BRL,379.91,https://www.casadabebida.com.br/whisky/glenlivet-15-anos-750-ml/
2022-04-10 01:12:17.121617,Laphroaig,Whisky Laphroaig 10 Anos 750 ml,InStock,Casa da Bebida,750,BRL,398.91,https://www.casadabebida.com.br/whisky/whisky-laphroaig-10-anos/
2022-04-10 01:12:18.420137,Macallan,Whisky Macallan Sherry Oak 12 anos 700 ml,InStock,Casa da Bebida,2744,BRL,906.21,https://www.casadabebida.com.br/whisky/macallan-sherry-oak-12-anos-700-ml/
2022-04-10 01:12:19.722467,Macallan,Whisky The Macallan 18 anos - Double Cask 700 ml,InStock,Casa da Bebida,226,BRL,3061.76,https://www.casadabebida.com.br/whisky/whisky-the-macallan-18-anos/
2022-04-11 01:12:46.583048,Singleton,Whisky Singleton 12 Anos Dufftown 700 ml,InStock,Casa da Bebida,874,BRL,189.91,https://www.casadabebida.com.br/whisky/singleton-12-anos-of-glen-ord-700-ml/
2022-04-11 01:12:50.063054,Glenfiddich,Whisky Glenfiddich 12 anos 750ml,InStock,Casa da Bebida,114,BRL,284.91,https://www.casadabebida.com.br/whisky/single-malt/whisky-glenfiddich-12-anos/
2022-04-11 01:12:48.251661,Glenkinchie,Whisky Glenkinchie 12 Anos 750 ml - Single Malt,InStock,Casa da Bebida,873,BRL,351.41,https://www.casadabebida.com.br/whisky/glenkinchie-12-anos-750-ml/
2022-04-11 01:12:51.909897,Talisker,Whisky Talisker 10 anos 750 ml,InStock,Casa da Bebida,872,BRL,379.91,https://www.casadabebida.com.br/whisky/talisker-10-anos-750-ml/
2022-04-11 01:12:53.593666,Johnnie Walker,Whisky Johnnie Walker Green Label 750 ml,InStock,Casa da Bebida,15,BRL,379.91,https://www.casadabebida.com.br/whisky/whisky-johnnie-walker-green-label/
2022-04-11 01:12:55.445417,Glenlivet,Whisky Glenlivet 15 anos 750 ml,InStock,Casa da Bebida,1139,BRL,379.91,https://www.casadabebida.com.br/whisky/glenlivet-15-anos-750-ml/
2022-04-11 01:12:57.269895,Laphroaig,Whisky Laphroaig 10 Anos 750 ml,InStock,Casa da Bebida,750,BRL,398.91,https://www.casadabebida.com.br/whisky/whisky-laphroaig-10-anos/
2022-04-11 01:12:58.935301,Macallan,Whisky Macallan Sherry Oak 12 anos 700 ml,InStock,Casa da Bebida,2744,BRL,906.21,https://www.casadabebida.com.br/whisky/macallan-sherry-oak-12-anos-700-ml/
2022-04-11 01:13:00.582471,Macallan,Whisky The Macallan 18 anos - Double Cask 700 ml,InStock,Casa da Bebida,226,BRL,3061.76,https://www.casadabebida.com.br/whisky/whisky-the-macallan-18-anos/
2022-04-12 01:10:21.978465,Singleton,Whisky Singleton 12 Anos Dufftown 700 ml,InStock,Casa da Bebida,874,BRL,189.91,https://www.casadabebida.com.br/whisky/singleton-12-anos-of-glen-ord-700-ml/
2022-04-12 01:10:24.609368,Glenfiddich,Whisky Glenfiddich 12 anos 750ml,InStock,Casa da Bebida,114,BRL,284.91,https://www.casadabebida.com.br/whisky/single-malt/whisky-glenfiddich-12-anos/
2022-04-12 01:10:23.310012,Glenkinchie,Whisky Glenkinchie 12 Anos 750 ml - Single Malt,InStock,Casa da Bebida,873,BRL,351.41,https://www.casadabebida.com.br/whisky/glenkinchie-12-anos-750-ml/
2022-04-12 01:10:25.939417,Talisker,Whisky Talisker 10 anos 750 ml,InStock,Casa da Bebida,872,BRL,379.91,https://www.casadabebida.com.br/whisky/talisker-10-anos-750-ml/
2022-04-12 01:10:27.493238,Johnnie Walker,Whisky Johnnie Walker Green Label 750 ml,InStock,Casa da Bebida,15,BRL,379.91,https://www.casadabebida.com.br/whisky/whisky-johnnie-walker-green-label/
2022-04-12 01:10:29.993965,Glenlivet,Whisky Glenlivet 15 anos 750 ml,InStock,Casa da Bebida,1139,BRL,379.91,https://www.casadabebida.com.br/whisky/glenlivet-15-anos-750-ml/
2022-04-12 01:10:32.032668,Laphroaig,Whisky Laphroaig 10 Anos 750 ml,InStock,Casa da Bebida,750,BRL,398.91,https://www.casadabebida.com.br/whisky/whisky-laphroaig-10-anos/
2022-04-12 01:10:33.368789,Macallan,Whisky Macallan Sherry Oak 12 anos 700 ml,InStock,Casa da Bebida,2744,BRL,906.21,https://www.casadabebida.com.br/whisky/macallan-sherry-oak-12-anos-700-ml/
2022-04-12 01:10:35.316375,Macallan,Whisky The Macallan 18 anos - Double Cask 700 ml,InStock,Casa da Bebida,226,BRL,3061.76,https://www.casadabebida.com.br/whisky/whisky-the-macallan-18-anos/
2022-04-13 01:16:07.178766,Singleton,Whisky Singleton 12 Anos Dufftown 700 ml,InStock,Casa da Bebida,874,BRL,189.91,https://www.casadabebida.com.br/whisky/singleton-12-anos-of-glen-ord-700-ml/
2022-04-13 01:16:10.526705,Glenfiddich,Whisky Glenfiddich 12 anos 750ml,InStock,Casa da Bebida,114,BRL,284.91,https://www.casadabebida.com.br/whisky/single-malt/whisky-glenfiddich-12-anos/
2022-04-13 01:16:08.867337,Glenkinchie,Whisky Glenkinchie 12 Anos 750 ml - Single Malt,InStock,Casa da Bebida,873,BRL,351.41,https://www.casadabebida.com.br/whisky/glenkinchie-12-anos-750-ml/
2022-04-13 01:16:12.212789,Talisker,Whisky Talisker 10 anos 750 ml,InStock,Casa da Bebida,872,BRL,379.91,https://www.casadabebida.com.br/whisky/talisker-10-anos-750-ml/
2022-04-13 01:16:13.926743,Johnnie Walker,Whisky Johnnie Walker Green Label 750 ml,InStock,Casa da Bebida,15,BRL,379.91,https://www.casadabebida.com.br/whisky/whisky-johnnie-walker-green-label/
2022-04-13 01:16:15.617510,Glenlivet,Whisky Glenlivet 15 anos 750 ml,InStock,Casa da Bebida,1139,BRL,379.91,https://www.casadabebida.com.br/whisky/glenlivet-15-anos-750-ml/
2022-04-13 01:16:17.769141,Laphroaig,Whisky Laphroaig 10 Anos 750 ml,InStock,Casa da Bebida,750,BRL,398.91,https://www.casadabebida.com.br/whisky/whisky-laphroaig-10-anos/
2022-04-13 01:16:19.453362,Macallan,Whisky Macallan Sherry Oak 12 anos 700 ml,InStock,Casa da Bebida,2744,BRL,906.21,https://www.casadabebida.com.br/whisky/macallan-sherry-oak-12-anos-700-ml/
2022-04-13 01:16:21.919099,Macallan,Whisky The Macallan 18 anos - Double Cask 700 ml,InStock,Casa da Bebida,226,BRL,3061.76,https://www.casadabebida.com.br/whisky/whisky-the-macallan-18-anos/
2022-04-14 01:18:56.381748,Singleton,Whisky Singleton 12 Anos Dufftown 700 ml,InStock,Casa da Bebida,874,BRL,189.91,https://www.casadabebida.com.br/whisky/singleton-12-anos-of-glen-ord-700-ml/
2022-04-14 01:19:00.273815,Glenfiddich,Whisky Glenfiddich 12 anos 750ml,InStock,Casa da Bebida,114,BRL,284.91,https://www.casadabebida.com.br/whisky/single-malt/whisky-glenfiddich-12-anos/
2022-04-14 01:18:58.521584,Glenkinchie,Whisky Glenkinchie 12 Anos 750 ml - Single Malt,InStock,Casa da Bebida,873,BRL,351.41,https://www.casadabebida.com.br/whisky/glenkinchie-12-anos-750-ml/
2022-04-14 01:19:02.057156,Talisker,Whisky Talisker 10 anos 750 ml,InStock,Casa da Bebida,872,BRL,379.91,https://www.casadabebida.com.br/whisky/talisker-10-anos-750-ml/
2022-04-14 01:19:03.808676,Johnnie Walker,Whisky Johnnie Walker Green Label 750 ml,InStock,Casa da Bebida,15,BRL,379.91,https://www.casadabebida.com.br/whisky/whisky-johnnie-walker-green-label/
2022-04-14 01:19:05.580194,Glenlivet,Whisky Glenlivet 15 anos 750 ml,InStock,Casa da Bebida,1139,BRL,379.91,https://www.casadabebida.com.br/whisky/glenlivet-15-anos-750-ml/
2022-04-14 01:19:07.279130,Laphroaig,Whisky Laphroaig 10 Anos 750 ml,InStock,Casa da Bebida,750,BRL,398.91,https://www.casadabebida.com.br/whisky/whisky-laphroaig-10-anos/
2022-04-14 01:19:09.236382,Macallan,Whisky Macallan Sherry Oak 12 anos 700 ml,InStock,Casa da Bebida,2744,BRL,906.21,https://www.casadabebida.com.br/whisky/macallan-sherry-oak-12-anos-700-ml/
2022-04-14 01:19:10.993399,Macallan,Whisky The Macallan 18 anos - Double Cask 700 ml,InStock,Casa da Bebida,226,BRL,3061.76,https://www.casadabebida.com.br/whisky/whisky-the-macallan-18-anos/
2022-04-15 01:12:01.177023,Singleton,Whisky Singleton 12 Anos Dufftown 700 ml,InStock,Casa da Bebida,874,BRL,189.91,https://www.casadabebida.com.br/whisky/singleton-12-anos-of-glen-ord-700-ml/
2022-04-15 01:12:05.077356,Glenfiddich,Whisky Glenfiddich 12 anos 750ml,InStock,Casa da Bebida,114,BRL,284.91,https://www.casadabebida.com.br/whisky/single-malt/whisky-glenfiddich-12-anos/
2022-04-15 01:12:03.329796,Glenkinchie,Whisky Glenkinchie 12 Anos 750 ml - Single Malt,InStock,Casa da Bebida,873,BRL,351.41,https://www.casadabebida.com.br/whisky/glenkinchie-12-anos-750-ml/
2022-04-15 01:12:06.870515,Talisker,Whisky Talisker 10 anos 750 ml,InStock,Casa da Bebida,872,BRL,379.91,https://www.casadabebida.com.br/whisky/talisker-10-anos-750-ml/
2022-04-15 01:12:08.773700,Johnnie Walker,Whisky Johnnie Walker Green Label 750 ml,InStock,Casa da Bebida,15,BRL,379.91,https://www.casadabebida.com.br/whisky/whisky-johnnie-walker-green-label/
2022-04-15 01:12:10.539206,Glenlivet,Whisky Glenlivet 15 anos 750 ml,InStock,Casa da Bebida,1139,BRL,379.91,https://www.casadabebida.com.br/whisky/glenlivet-15-anos-750-ml/
2022-04-15 01:12:12.242837,Laphroaig,Whisky Laphroaig 10 Anos 750 ml,InStock,Casa da Bebida,750,BRL,398.91,https://www.casadabebida.com.br/whisky/whisky-laphroaig-10-anos/
2022-04-15 01:12:13.999861,Macallan,Whisky Macallan Sherry Oak 12 anos 700 ml,InStock,Casa da Bebida,2744,BRL,906.21,https://www.casadabebida.com.br/whisky/macallan-sherry-oak-12-anos-700-ml/
2022-04-15 01:12:15.729914,Macallan,Whisky The Macallan 18 anos - Double Cask 700 ml,InStock,Casa da Bebida,226,BRL,3061.76,https://www.casadabebida.com.br/whisky/whisky-the-macallan-18-anos/
2022-04-16 01:09:03.900623,Singleton,Whisky Singleton 12 Anos Dufftown 700 ml,InStock,Casa da Bebida,874,BRL,189.91,https://www.casadabebida.com.br/whisky/singleton-12-anos-of-glen-ord-700-ml/
2022-04-16 01:09:07.670545,Glenfiddich,Whisky Glenfiddich 12 anos 750ml,InStock,Casa da Bebida,114,BRL,284.91,https://www.casadabebida.com.br/whisky/single-malt/whisky-glenfiddich-12-anos/
2022-04-16 01:09:05.632404,Glenkinchie,Whisky Glenkinchie 12 Anos 750 ml - Single Malt,InStock,Casa da Bebida,873,BRL,351.41,https://www.casadabebida.com.br/whisky/glenkinchie-12-anos-750-ml/
2022-04-16 01:09:09.420911,Talisker,Whisky Talisker 10 anos 750 ml,InStock,Casa da Bebida,872,BRL,379.91,https://www.casadabebida.com.br/whisky/talisker-10-anos-750-ml/
2022-04-16 01:09:11.114745,Johnnie Walker,Whisky Johnnie Walker Green Label 750 ml,InStock,Casa da Bebida,15,BRL,379.91,https://www.casadabebida.com.br/whisky/whisky-johnnie-walker-green-label/
2022-04-16 01:09:12.823860,Glenlivet,Whisky Glenlivet 15 anos 750 ml,InStock,Casa da Bebida,1139,BRL,379.91,https://www.casadabebida.com.br/whisky/glenlivet-15-anos-750-ml/
2022-04-16 01:09:15.017975,Laphroaig,Whisky Laphroaig 10 Anos 750 ml,InStock,Casa da Bebida,750,BRL,398.91,https://www.casadabebida.com.br/whisky/whisky-laphroaig-10-anos/
2022-04-16 01:09:16.931935,Macallan,Whisky Macallan Sherry Oak 12 anos 700 ml,InStock,Casa da Bebida,2744,BRL,906.21,https://www.casadabebida.com.br/whisky/macallan-sherry-oak-12-anos-700-ml/
2022-04-16 01:09:18.663550,Macallan,Whisky The Macallan 18 anos - Double Cask 700 ml,InStock,Casa da Bebida,226,BRL,3061.76,https://www.casadabebida.com.br/whisky/whisky-the-macallan-18-anos/
2022-04-17 01:14:22.757609,Singleton,Whisky Singleton 12 Anos Dufftown 700 ml,InStock,Casa da Bebida,874,BRL,189.91,https://www.casadabebida.com.br/whisky/singleton-12-anos-of-glen-ord-700-ml/
2022-04-17 01:14:26.934999,Glenfiddich,Whisky Glenfiddich 12 anos 750ml,InStock,Casa da Bebida,114,BRL,284.91,https://www.casadabebida.com.br/whisky/single-malt/whisky-glenfiddich-12-anos/
2022-04-17 01:14:25.090834,Glenkinchie,Whisky Glenkinchie 12 Anos 750 ml - Single Malt,InStock,Casa da Bebida,873,BRL,351.41,https://www.casadabebida.com.br/whisky/glenkinchie-12-anos-750-ml/
2022-04-17 01:14:28.697678,Talisker,Whisky Talisker 10 anos 750 ml,InStock,Casa da Bebida,872,BRL,379.91,https://www.casadabebida.com.br/whisky/talisker-10-anos-750-ml/
2022-04-17 01:14:30.356413,Johnnie Walker,Whisky Johnnie Walker Green Label 750 ml,InStock,Casa da Bebida,15,BRL,379.91,https://www.casadabebida.com.br/whisky/whisky-johnnie-walker-green-label/
2022-04-17 01:14:32.638639,Glenlivet,Whisky Glenlivet 15 anos 750 ml,InStock,Casa da Bebida,1139,BRL,379.91,https://www.casadabebida.com.br/whisky/glenlivet-15-anos-750-ml/
2022-04-17 01:14:34.440157,Laphroaig,Whisky Laphroaig 10 Anos 750 ml,InStock,Casa da Bebida,750,BRL,398.91,https://www.casadabebida.com.br/whisky/whisky-laphroaig-10-anos/
2022-04-17 01:14:36.174945,Macallan,Whisky Macallan Sherry Oak 12 anos 700 ml,InStock,Casa da Bebida,2744,BRL,906.21,https://www.casadabebida.com.br/whisky/macallan-sherry-oak-12-anos-700-ml/
2022-04-17 01:14:38.506940,Macallan,Whisky The Macallan 18 anos - Double Cask 700 ml,InStock,Casa da Bebida,226,BRL,3061.76,https://www.casadabebida.com.br/whisky/whisky-the-macallan-18-anos/
2022-04-18 01:23:09.054695,Singleton,Whisky Singleton 12 Anos Dufftown 700 ml,InStock,Casa da Bebida,874,BRL,189.91,https://www.casadabebida.com.br/whisky/singleton-12-anos-of-glen-ord-700-ml/
2022-04-18 01:23:11.810403,Glenfiddich,Whisky Glenfiddich 12 anos 750ml,InStock,Casa da Bebida,114,BRL,284.91,https://www.casadabebida.com.br/whisky/single-malt/whisky-glenfiddich-12-anos/
2022-04-18 01:23:10.445580,Glenkinchie,Whisky Glenkinchie 12 Anos 750 ml - Single Malt,InStock,Casa da Bebida,873,BRL,351.41,https://www.casadabebida.com.br/whisky/glenkinchie-12-anos-750-ml/
2022-04-18 01:23:13.346398,Talisker,Whisky Talisker 10 anos 750 ml,InStock,Casa da Bebida,872,BRL,379.91,https://www.casadabebida.com.br/whisky/talisker-10-anos-750-ml/
2022-04-18 01:23:14.708948,Johnnie Walker,Whisky Johnnie Walker Green Label 750 ml,InStock,Casa da Bebida,15,BRL,379.91,https://www.casadabebida.com.br/whisky/whisky-johnnie-walker-green-label/
2022-04-18 01:23:16.106385,Glenlivet,Whisky Glenlivet 15 anos 750 ml,InStock,Casa da Bebida,1139,BRL,379.91,https://www.casadabebida.com.br/whisky/glenlivet-15-anos-750-ml/
2022-04-18 01:23:17.460718,Laphroaig,Whisky Laphroaig 10 Anos 750 ml,InStock,Casa da Bebida,750,BRL,398.91,https://www.casadabebida.com.br/whisky/whisky-laphroaig-10-anos/
2022-04-18 01:23:18.857598,Macallan,Whisky Macallan Sherry Oak 12 anos 700 ml,InStock,Casa da Bebida,2744,BRL,906.21,https://www.casadabebida.com.br/whisky/macallan-sherry-oak-12-anos-700-ml/
2022-04-18 01:23:20.278171,Macallan,Whisky The Macallan 18 anos - Double Cask 700 ml,InStock,Casa da Bebida,226,BRL,3061.76,https://www.casadabebida.com.br/whisky/whisky-the-macallan-18-anos/
2022-04-19 01:22:38.082674,Singleton,Whisky Singleton 12 Anos Dufftown 700 ml,InStock,Casa da Bebida,874,BRL,189.91,https://www.casadabebida.com.br/whisky/singleton-12-anos-of-glen-ord-700-ml/
2022-04-19 01:22:42.332195,Glenfiddich,Whisky Glenfiddich 12 anos 750ml,InStock,Casa da Bebida,114,BRL,284.91,https://www.casadabebida.com.br/whisky/single-malt/whisky-glenfiddich-12-anos/
2022-04-19 01:22:40.268477,Glenkinchie,Whisky Glenkinchie 12 Anos 750 ml - Single Malt,InStock,Casa da Bebida,873,BRL,351.41,https://www.casadabebida.com.br/whisky/glenkinchie-12-anos-750-ml/
2022-04-19 01:22:44.738383,Talisker,Whisky Talisker 10 anos 750 ml,InStock,Casa da Bebida,872,BRL,379.91,https://www.casadabebida.com.br/whisky/talisker-10-anos-750-ml/
2022-04-19 01:22:45.908308,Johnnie Walker,Whisky Johnnie Walker Green Label 750 ml,InStock,Casa da Bebida,15,BRL,379.91,https://www.casadabebida.com.br/whisky/whisky-johnnie-walker-green-label/
2022-04-19 01:22:48.094489,Glenlivet,Whisky Glenlivet 15 anos 750 ml,InStock,Casa da Bebida,1139,BRL,379.91,https://www.casadabebida.com.br/whisky/glenlivet-15-anos-750-ml/
2022-04-19 01:22:49.379116,Laphroaig,Whisky Laphroaig 10 Anos 750 ml,InStock,Casa da Bebida,750,BRL,398.91,https://www.casadabebida.com.br/whisky/whisky-laphroaig-10-anos/
2022-04-19 01:22:51.241243,Macallan,Whisky Macallan Sherry Oak 12 anos 700 ml,InStock,Casa da Bebida,2744,BRL,854.91,https://www.casadabebida.com.br/whisky/macallan-sherry-oak-12-anos-700-ml/
2022-04-19 01:22:52.550735,Macallan,Whisky The Macallan 18 anos - Double Cask 700 ml,InStock,Casa da Bebida,226,BRL,3061.76,https://www.casadabebida.com.br/whisky/whisky-the-macallan-18-anos/
2022-04-20 01:27:25.406557,Singleton,Whisky Singleton 12 Anos Dufftown 700 ml,InStock,Casa da Bebida,874,BRL,189.91,https://www.casadabebida.com.br/whisky/singleton-12-anos-of-glen-ord-700-ml/
2022-04-20 01:27:28.952122,Glenfiddich,Whisky Glenfiddich 12 anos 750ml,InStock,Casa da Bebida,114,BRL,284.91,https://www.casadabebida.com.br/whisky/single-malt/whisky-glenfiddich-12-anos/
2022-04-20 01:27:27.116332,Glenkinchie,Whisky Glenkinchie 12 Anos 750 ml - Single Malt,InStock,Casa da Bebida,873,BRL,351.41,https://www.casadabebida.com.br/whisky/glenkinchie-12-anos-750-ml/
2022-04-20 01:27:30.900418,Talisker,Whisky Talisker 10 anos 750 ml,InStock,Casa da Bebida,872,BRL,379.91,https://www.casadabebida.com.br/whisky/talisker-10-anos-750-ml/
2022-04-20 01:27:32.550120,Johnnie Walker,Whisky Johnnie Walker Green Label 750 ml,InStock,Casa da Bebida,15,BRL,379.91,https://www.casadabebida.com.br/whisky/whisky-johnnie-walker-green-label/
2022-04-20 01:27:34.288693,Glenlivet,Whisky Glenlivet 15 anos 750 ml,InStock,Casa da Bebida,1139,BRL,379.91,https://www.casadabebida.com.br/whisky/glenlivet-15-anos-750-ml/
2022-04-20 01:27:36.732298,Laphroaig,Whisky Laphroaig 10 Anos 750 ml,InStock,Casa da Bebida,750,BRL,398.91,https://www.casadabebida.com.br/whisky/whisky-laphroaig-10-anos/
2022-04-20 01:27:38.460824,Macallan,Whisky Macallan Sherry Oak 12 anos 700 ml,InStock,Casa da Bebida,2744,BRL,854.91,https://www.casadabebida.com.br/whisky/macallan-sherry-oak-12-anos-700-ml/
2022-04-20 01:27:40.143139,Macallan,Whisky The Macallan 18 anos - Double Cask 700 ml,InStock,Casa da Bebida,226,BRL,3061.76,https://www.casadabebida.com.br/whisky/whisky-the-macallan-18-anos/
2022-04-21 01:18:56.552965,Singleton,Whisky Singleton 12 Anos Dufftown 700 ml,InStock,Casa da Bebida,874,BRL,189.91,https://www.casadabebida.com.br/whisky/singleton-12-anos-of-glen-ord-700-ml/
2022-04-21 01:19:00.948006,Glenfiddich,Whisky Glenfiddich 12 anos 750ml,InStock,Casa da Bebida,114,BRL,284.91,https://www.casadabebida.com.br/whisky/single-malt/whisky-glenfiddich-12-anos/
2022-04-21 01:18:58.672248,Glenkinchie,Whisky Glenkinchie 12 Anos 750 ml - Single Malt,InStock,Casa da Bebida,873,BRL,351.41,https://www.casadabebida.com.br/whisky/glenkinchie-12-anos-750-ml/
2022-04-21 01:19:02.385410,Talisker,Whisky Talisker 10 anos 750 ml,InStock,Casa da Bebida,872,BRL,379.91,https://www.casadabebida.com.br/whisky/talisker-10-anos-750-ml/
2022-04-21 01:19:03.940880,Johnnie Walker,Whisky Johnnie Walker Green Label 750 ml,InStock,Casa da Bebida,15,BRL,379.91,https://www.casadabebida.com.br/whisky/whisky-johnnie-walker-green-label/
2022-04-21 01:19:05.548431,Glenlivet,Whisky Glenlivet 15 anos 750 ml,InStock,Casa da Bebida,1139,BRL,379.91,https://www.casadabebida.com.br/whisky/glenlivet-15-anos-750-ml/
2022-04-21 01:19:06.945038,Laphroaig,Whisky Laphroaig 10 Anos 750 ml,InStock,Casa da Bebida,750,BRL,398.91,https://www.casadabebida.com.br/whisky/whisky-laphroaig-10-anos/
2022-04-21 01:19:09.242774,Macallan,Whisky Macallan Sherry Oak 12 anos 700 ml,InStock,Casa da Bebida,2744,BRL,854.91,https://www.casadabebida.com.br/whisky/macallan-sherry-oak-12-anos-700-ml/
2022-04-21 01:19:10.673160,Macallan,Whisky The Macallan 18 anos - Double Cask 700 ml,InStock,Casa da Bebida,226,BRL,3061.76,https://www.casadabebida.com.br/whisky/whisky-the-macallan-18-anos/
2022-04-22 01:21:26.229279,Singleton,Whisky Singleton 12 Anos Dufftown 700 ml,InStock,Casa da Bebida,874,BRL,189.91,https://www.casadabebida.com.br/whisky/singleton-12-anos-of-glen-ord-700-ml/
2022-04-22 01:21:28.988989,Glenfiddich,Whisky Glenfiddich 12 anos 750ml,InStock,Casa da Bebida,114,BRL,284.91,https://www.casadabebida.com.br/whisky/single-malt/whisky-glenfiddich-12-anos/
2022-04-22 01:21:27.617934,Glenkinchie,Whisky Glenkinchie 12 Anos 750 ml - Single Malt,InStock,Casa da Bebida,873,BRL,351.41,https://www.casadabebida.com.br/whisky/glenkinchie-12-anos-750-ml/
2022-04-22 01:21:30.505018,Talisker,Whisky Talisker 10 anos 750 ml,InStock,Casa da Bebida,872,BRL,379.91,https://www.casadabebida.com.br/whisky/talisker-10-anos-750-ml/
2022-04-22 01:21:32.049918,Johnnie Walker,Whisky Johnnie Walker Green Label 750 ml,InStock,Casa da Bebida,15,BRL,379.91,https://www.casadabebida.com.br/whisky/whisky-johnnie-walker-green-label/
2022-04-22 01:21:34.319649,Glenlivet,Whisky Glenlivet 15 anos 750 ml,InStock,Casa da Bebida,1139,BRL,379.91,https://www.casadabebida.com.br/whisky/glenlivet-15-anos-750-ml/
2022-04-22 01:21:35.887224,Laphroaig,Whisky Laphroaig 10 Anos 750 ml,InStock,Casa da Bebida,750,BRL,398.91,https://www.casadabebida.com.br/whisky/whisky-laphroaig-10-anos/
2022-04-22 01:21:37.233713,Macallan,Whisky Macallan Sherry Oak 12 anos 700 ml,InStock,Casa da Bebida,2744,BRL,854.91,https://www.casadabebida.com.br/whisky/macallan-sherry-oak-12-anos-700-ml/
2022-04-22 01:21:38.586464,Macallan,Whisky The Macallan 18 anos - Double Cask 700 ml,InStock,Casa da Bebida,226,BRL,3061.76,https://www.casadabebida.com.br/whisky/whisky-the-macallan-18-anos/
2022-04-23 01:13:38.035709,Singleton,Whisky Singleton 12 Anos Dufftown 700 ml,InStock,Casa da Bebida,874,BRL,189.91,https://www.casadabebida.com.br/whisky/singleton-12-anos-of-glen-ord-700-ml/
2022-04-23 01:13:42.227323,Glenfiddich,Whisky Glenfiddich 12 anos 750ml,InStock,Casa da Bebida,114,BRL,284.91,https://www.casadabebida.com.br/whisky/single-malt/whisky-glenfiddich-12-anos/
2022-04-23 01:13:40.498274,Glenkinchie,Whisky Glenkinchie 12 Anos 750 ml - Single Malt,InStock,Casa da Bebida,873,BRL,351.41,https://www.casadabebida.com.br/whisky/glenkinchie-12-anos-750-ml/
2022-04-23 01:13:44.710862,Talisker,Whisky Talisker 10 anos 750 ml,InStock,Casa da Bebida,872,BRL,379.91,https://www.casadabebida.com.br/whisky/talisker-10-anos-750-ml/
2022-04-23 01:13:47.483204,Johnnie Walker,Whisky Johnnie Walker Green Label 750 ml,InStock,Casa da Bebida,15,BRL,379.91,https://www.casadabebida.com.br/whisky/whisky-johnnie-walker-green-label/
2022-04-23 01:13:49.907271,Glenlivet,Whisky Glenlivet 15 anos 750 ml,InStock,Casa da Bebida,1139,BRL,379.91,https://www.casadabebida.com.br/whisky/glenlivet-15-anos-750-ml/
2022-04-23 01:13:51.584788,Laphroaig,Whisky Laphroaig 10 Anos 750 ml,InStock,Casa da Bebida,750,BRL,398.91,https://www.casadabebida.com.br/whisky/whisky-laphroaig-10-anos/
2022-04-23 01:13:53.326083,Macallan,Whisky Macallan Sherry Oak 12 anos 700 ml,InStock,Casa da Bebida,2744,BRL,854.91,https://www.casadabebida.com.br/whisky/macallan-sherry-oak-12-anos-700-ml/
2022-04-23 01:13:55.392758,Macallan,Whisky The Macallan 18 anos - Double Cask 700 ml,InStock,Casa da Bebida,226,BRL,3061.76,https://www.casadabebida.com.br/whisky/whisky-the-macallan-18-anos/
2022-04-24 01:10:59.039395,Singleton,Whisky Singleton 12 Anos Dufftown 700 ml,InStock,Casa da Bebida,874,BRL,189.91,https://www.casadabebida.com.br/whisky/singleton-12-anos-of-glen-ord-700-ml/
2022-04-24 01:11:01.972098,Glenfiddich,Whisky Glenfiddich 12 anos 750ml,InStock,Casa da Bebida,114,BRL,284.91,https://www.casadabebida.com.br/whisky/single-malt/whisky-glenfiddich-12-anos/
2022-04-24 01:11:00.407099,Glenkinchie,Whisky Glenkinchie 12 Anos 750 ml - Single Malt,InStock,Casa da Bebida,873,BRL,351.41,https://www.casadabebida.com.br/whisky/glenkinchie-12-anos-750-ml/
2022-04-24 01:11:03.324513,Talisker,Whisky Talisker 10 anos 750 ml,InStock,Casa da Bebida,872,BRL,379.91,https://www.casadabebida.com.br/whisky/talisker-10-anos-750-ml/
2022-04-24 01:11:04.637616,Johnnie Walker,Whisky Johnnie Walker Green Label 750 ml,InStock,Casa da Bebida,15,BRL,379.91,https://www.casadabebida.com.br/whisky/whisky-johnnie-walker-green-label/
2022-04-24 01:11:05.982909,Glenlivet,Whisky Glenlivet 15 anos 750 ml,InStock,Casa da Bebida,1139,BRL,379.91,https://www.casadabebida.com.br/whisky/glenlivet-15-anos-750-ml/
2022-04-24 01:11:07.252692,Laphroaig,Whisky Laphroaig 10 Anos 750 ml,InStock,Casa da Bebida,750,BRL,398.91,https://www.casadabebida.com.br/whisky/whisky-laphroaig-10-anos/
2022-04-24 01:11:08.577676,Macallan,Whisky Macallan Sherry Oak 12 anos 700 ml,InStock,Casa da Bebida,2744,BRL,854.91,https://www.casadabebida.com.br/whisky/macallan-sherry-oak-12-anos-700-ml/
2022-04-24 01:11:09.913585,Macallan,Whisky The Macallan 18 anos - Double Cask 700 ml,InStock,Casa da Bebida,226,BRL,3061.76,https://www.casadabebida.com.br/whisky/whisky-the-macallan-18-anos/
2022-04-25 01:15:32.890725,Singleton,Whisky Singleton 12 Anos Dufftown 700 ml,InStock,Casa da Bebida,874,BRL,189.91,https://www.casadabebida.com.br/whisky/singleton-12-anos-of-glen-ord-700-ml/
2022-04-25 01:15:36.501239,Glenfiddich,Whisky Glenfiddich 12 anos 750ml,InStock,Casa da Bebida,114,BRL,284.91,https://www.casadabebida.com.br/whisky/single-malt/whisky-glenfiddich-12-anos/
2022-04-25 01:15:34.792323,Glenkinchie,Whisky Glenkinchie 12 Anos 750 ml - Single Malt,InStock,Casa da Bebida,873,BRL,351.41,https://www.casadabebida.com.br/whisky/glenkinchie-12-anos-750-ml/
2022-04-25 01:15:38.179922,Talisker,Whisky Talisker 10 anos 750 ml,InStock,Casa da Bebida,872,BRL,379.91,https://www.casadabebida.com.br/whisky/talisker-10-anos-750-ml/
2022-04-25 01:15:40.519893,Johnnie Walker,Whisky Johnnie Walker Green Label 750 ml,InStock,Casa da Bebida,15,BRL,379.91,https://www.casadabebida.com.br/whisky/whisky-johnnie-walker-green-label/
2022-04-25 01:15:42.260958,Glenlivet,Whisky Glenlivet 15 anos 750 ml,InStock,Casa da Bebida,1139,BRL,379.91,https://www.casadabebida.com.br/whisky/glenlivet-15-anos-750-ml/
2022-04-25 01:15:44.130733,Laphroaig,Whisky Laphroaig 10 Anos 750 ml,InStock,Casa da Bebida,750,BRL,398.91,https://www.casadabebida.com.br/whisky/whisky-laphroaig-10-anos/
2022-04-25 01:15:45.808347,Macallan,Whisky Macallan Sherry Oak 12 anos 700 ml,InStock,Casa da Bebida,2744,BRL,854.91,https://www.casadabebida.com.br/whisky/macallan-sherry-oak-12-anos-700-ml/
2022-04-25 01:15:47.707879,Macallan,Whisky The Macallan 18 anos - Double Cask 700 ml,InStock,Casa da Bebida,226,BRL,3061.76,https://www.casadabebida.com.br/whisky/whisky-the-macallan-18-anos/
2022-04-26 01:22:42.907027,Singleton,Whisky Singleton 12 Anos Dufftown 700 ml,InStock,Casa da Bebida,874,BRL,189.91,https://www.casadabebida.com.br/whisky/singleton-12-anos-of-glen-ord-700-ml/
2022-04-26 01:22:45.422247,Glenfiddich,Whisky Glenfiddich 12 anos 750ml,InStock,Casa da Bebida,114,BRL,284.91,https://www.casadabebida.com.br/whisky/single-malt/whisky-glenfiddich-12-anos/
2022-04-26 01:22:44.174169,Glenkinchie,Whisky Glenkinchie 12 Anos 750 ml - Single Malt,InStock,Casa da Bebida,873,BRL,351.41,https://www.casadabebida.com.br/whisky/glenkinchie-12-anos-750-ml/
2022-04-26 01:22:46.707548,Talisker,Whisky Talisker 10 anos 750 ml,InStock,Casa da Bebida,872,BRL,379.91,https://www.casadabebida.com.br/whisky/talisker-10-anos-750-ml/
2022-04-26 01:22:47.976215,Johnnie Walker,Whisky Johnnie Walker Green Label 750 ml,InStock,Casa da Bebida,15,BRL,379.91,https://www.casadabebida.com.br/whisky/whisky-johnnie-walker-green-label/
2022-04-26 01:22:50.096425,Glenlivet,Whisky Glenlivet 15 anos 750 ml,InStock,Casa da Bebida,1139,BRL,379.91,https://www.casadabebida.com.br/whisky/glenlivet-15-anos-750-ml/
2022-04-26 01:22:51.322954,Laphroaig,Whisky Laphroaig 10 Anos 750 ml,InStock,Casa da Bebida,750,BRL,398.91,https://www.casadabebida.com.br/whisky/whisky-laphroaig-10-anos/
2022-04-26 01:22:52.591014,Macallan,Whisky Macallan Sherry Oak 12 anos 700 ml,InStock,Casa da Bebida,2744,BRL,854.91,https://www.casadabebida.com.br/whisky/macallan-sherry-oak-12-anos-700-ml/
2022-04-26 01:22:53.905618,Macallan,Whisky The Macallan 18 anos - Double Cask 700 ml,InStock,Casa da Bebida,226,BRL,3061.76,https://www.casadabebida.com.br/whisky/whisky-the-macallan-18-anos/
2022-04-27 01:27:31.954752,Singleton,Whisky Singleton 12 Anos Dufftown 700 ml,InStock,Casa da Bebida,874,BRL,189.91,https://www.casadabebida.com.br/whisky/singleton-12-anos-of-glen-ord-700-ml/
2022-04-27 01:27:35.710832,Glenfiddich,Whisky Glenfiddich 12 anos 750ml,InStock,Casa da Bebida,114,BRL,284.91,https://www.casadabebida.com.br/whisky/single-malt/whisky-glenfiddich-12-anos/
2022-04-27 01:27:33.838194,Glenkinchie,Whisky Glenkinchie 12 Anos 750 ml - Single Malt,InStock,Casa da Bebida,873,BRL,351.41,https://www.casadabebida.com.br/whisky/glenkinchie-12-anos-750-ml/
2022-04-27 01:27:37.452217,Talisker,Whisky Talisker 10 anos 750 ml,InStock,Casa da Bebida,872,BRL,379.91,https://www.casadabebida.com.br/whisky/talisker-10-anos-750-ml/
2022-04-27 01:27:39.123129,Johnnie Walker,Whisky Johnnie Walker Green Label 750 ml,InStock,Casa da Bebida,15,BRL,379.91,https://www.casadabebida.com.br/whisky/whisky-johnnie-walker-green-label/
2022-04-27 01:27:40.820425,Glenlivet,Whisky Glenlivet 15 anos 750 ml,InStock,Casa da Bebida,1139,BRL,379.91,https://www.casadabebida.com.br/whisky/glenlivet-15-anos-750-ml/
2022-04-27 01:27:42.468916,Laphroaig,Whisky Laphroaig 10 Anos 750 ml,InStock,Casa da Bebida,750,BRL,398.91,https://www.casadabebida.com.br/whisky/whisky-laphroaig-10-anos/
2022-04-27 01:27:44.641596,Macallan,Whisky Macallan Sherry Oak 12 anos 700 ml,InStock,Casa da Bebida,2744,BRL,854.91,https://www.casadabebida.com.br/whisky/macallan-sherry-oak-12-anos-700-ml/
2022-04-27 01:27:46.994951,Macallan,Whisky The Macallan 18 anos - Double Cask 700 ml,InStock,Casa da Bebida,226,BRL,3061.76,https://www.casadabebida.com.br/whisky/whisky-the-macallan-18-anos/
2022-04-28 01:55:23.024389,Singleton,Whisky Singleton 12 Anos Dufftown 700 ml,InStock,Casa da Bebida,874,BRL,189.91,https://www.casadabebida.com.br/whisky/singleton-12-anos-of-glen-ord-700-ml/
2022-04-28 01:55:26.258535,Glenfiddich,Whisky Glenfiddich 12 anos 750ml,InStock,Casa da Bebida,114,BRL,284.91,https://www.casadabebida.com.br/whisky/single-malt/whisky-glenfiddich-12-anos/
2022-04-28 01:55:24.669820,Glenkinchie,Whisky Glenkinchie 12 Anos 750 ml - Single Malt,InStock,Casa da Bebida,873,BRL,351.41,https://www.casadabebida.com.br/whisky/glenkinchie-12-anos-750-ml/
2022-04-28 01:55:28.242568,Talisker,Whisky Talisker 10 anos 750 ml,InStock,Casa da Bebida,872,BRL,379.91,https://www.casadabebida.com.br/whisky/talisker-10-anos-750-ml/
2022-04-28 01:55:29.850430,Johnnie Walker,Whisky Johnnie Walker Green Label 750 ml,InStock,Casa da Bebida,15,BRL,379.91,https://www.casadabebida.com.br/whisky/whisky-johnnie-walker-green-label/
2022-04-28 01:55:31.533117,Glenlivet,Whisky Glenlivet 15 anos 750 ml,InStock,Casa da Bebida,1139,BRL,379.91,https://www.casadabebida.com.br/whisky/glenlivet-15-anos-750-ml/
2022-04-28 01:55:33.105103,Laphroaig,Whisky Laphroaig 10 Anos 750 ml,InStock,Casa da Bebida,750,BRL,398.91,https://www.casadabebida.com.br/whisky/whisky-laphroaig-10-anos/
2022-04-28 01:55:34.740070,Macallan,Whisky Macallan Sherry Oak 12 anos 700 ml,InStock,Casa da Bebida,2744,BRL,854.91,https://www.casadabebida.com.br/whisky/macallan-sherry-oak-12-anos-700-ml/
2022-04-28 01:55:36.387093,Macallan,Whisky The Macallan 18 anos - Double Cask 700 ml,InStock,Casa da Bebida,226,BRL,3061.76,https://www.casadabebida.com.br/whisky/whisky-the-macallan-18-anos/
2022-04-29 01:20:37.508301,Singleton,Whisky Singleton 12 Anos Dufftown 700 ml,InStock,Casa da Bebida,874,BRL,189.91,https://www.casadabebida.com.br/whisky/singleton-12-anos-of-glen-ord-700-ml/
2022-04-29 01:20:41.315732,Glenfiddich,Whisky Glenfiddich 12 anos 750ml,InStock,Casa da Bebida,114,BRL,284.91,https://www.casadabebida.com.br/whisky/single-malt/whisky-glenfiddich-12-anos/
2022-04-29 01:20:39.624625,Glenkinchie,Whisky Glenkinchie 12 Anos 750 ml - Single Malt,InStock,Casa da Bebida,873,BRL,351.41,https://www.casadabebida.com.br/whisky/glenkinchie-12-anos-750-ml/
2022-04-29 01:20:43.013536,Talisker,Whisky Talisker 10 anos 750 ml,InStock,Casa da Bebida,872,BRL,379.91,https://www.casadabebida.com.br/whisky/talisker-10-anos-750-ml/
2022-04-29 01:20:44.656281,Johnnie Walker,Whisky Johnnie Walker Green Label 750 ml,InStock,Casa da Bebida,15,BRL,379.91,https://www.casadabebida.com.br/whisky/whisky-johnnie-walker-green-label/
2022-04-29 01:20:46.552772,Glenlivet,Whisky Glenlivet 15 anos 750 ml,InStock,Casa da Bebida,1139,BRL,379.91,https://www.casadabebida.com.br/whisky/glenlivet-15-anos-750-ml/
2022-04-29 01:20:48.218988,Laphroaig,Whisky Laphroaig 10 Anos 750 ml,InStock,Casa da Bebida,750,BRL,398.91,https://www.casadabebida.com.br/whisky/whisky-laphroaig-10-anos/
2022-04-29 01:20:49.889898,Macallan,Whisky Macallan Sherry Oak 12 anos 700 ml,InStock,Casa da Bebida,2744,BRL,854.91,https://www.casadabebida.com.br/whisky/macallan-sherry-oak-12-anos-700-ml/
2022-04-29 01:20:51.561783,Macallan,Whisky The Macallan 18 anos - Double Cask 700 ml,InStock,Casa da Bebida,226,BRL,3061.76,https://www.casadabebida.com.br/whisky/whisky-the-macallan-18-anos/
2022-04-30 01:28:02.042217,Singleton,Whisky Singleton 12 Anos Dufftown 700 ml,InStock,Casa da Bebida,874,BRL,189.91,https://www.casadabebida.com.br/whisky/singleton-12-anos-of-glen-ord-700-ml/
2022-04-30 01:28:06.148360,Glenfiddich,Whisky Glenfiddich 12 anos 750ml,InStock,Casa da Bebida,114,BRL,284.91,https://www.casadabebida.com.br/whisky/single-malt/whisky-glenfiddich-12-anos/
2022-04-30 01:28:04.492166,Glenkinchie,Whisky Glenkinchie 12 Anos 750 ml - Single Malt,InStock,Casa da Bebida,873,BRL,351.41,https://www.casadabebida.com.br/whisky/glenkinchie-12-anos-750-ml/
2022-04-30 01:28:07.838293,Talisker,Whisky Talisker 10 anos 750 ml,InStock,Casa da Bebida,872,BRL,379.91,https://www.casadabebida.com.br/whisky/talisker-10-anos-750-ml/
2022-04-30 01:28:09.498663,Johnnie Walker,Whisky Johnnie Walker Green Label 750 ml,InStock,Casa da Bebida,15,BRL,379.91,https://www.casadabebida.com.br/whisky/whisky-johnnie-walker-green-label/
2022-04-30 01:28:11.961367,Glenlivet,Whisky Glenlivet 15 anos 750 ml,InStock,Casa da Bebida,1139,BRL,379.91,https://www.casadabebida.com.br/whisky/glenlivet-15-anos-750-ml/
2022-04-30 01:28:13.594035,Laphroaig,Whisky Laphroaig 10 Anos 750 ml,InStock,Casa da Bebida,750,BRL,398.91,https://www.casadabebida.com.br/whisky/whisky-laphroaig-10-anos/
2022-04-30 01:28:15.272207,Macallan,Whisky Macallan Sherry Oak 12 anos 700 ml,InStock,Casa da Bebida,2744,BRL,854.91,https://www.casadabebida.com.br/whisky/macallan-sherry-oak-12-anos-700-ml/
2022-04-30 01:28:16.945952,Macallan,Whisky The Macallan 18 anos - Double Cask 700 ml,InStock,Casa da Bebida,226,BRL,3061.76,https://www.casadabebida.com.br/whisky/whisky-the-macallan-18-anos/
2022-05-01 01:49:44.351437,Singleton,Whisky Singleton 12 Anos Dufftown 700 ml,InStock,Casa da Bebida,874,BRL,189.91,https://www.casadabebida.com.br/whisky/singleton-12-anos-of-glen-ord-700-ml/
2022-05-01 01:49:47.225920,Glenfiddich,Whisky Glenfiddich 12 anos 750ml,InStock,Casa da Bebida,114,BRL,284.91,https://www.casadabebida.com.br/whisky/single-malt/whisky-glenfiddich-12-anos/
2022-05-01 01:49:45.785438,Glenkinchie,Whisky Glenkinchie 12 Anos 750 ml - Single Malt,InStock,Casa da Bebida,873,BRL,351.41,https://www.casadabebida.com.br/whisky/glenkinchie-12-anos-750-ml/
2022-05-01 01:49:48.687821,Talisker,Whisky Talisker 10 anos 750 ml,InStock,Casa da Bebida,872,BRL,379.91,https://www.casadabebida.com.br/whisky/talisker-10-anos-750-ml/
2022-05-01 01:49:50.079512,Johnnie Walker,Whisky Johnnie Walker Green Label 750 ml,InStock,Casa da Bebida,15,BRL,379.91,https://www.casadabebida.com.br/whisky/whisky-johnnie-walker-green-label/
2022-05-01 01:49:51.559885,Glenlivet,Whisky Glenlivet 15 anos 750 ml,InStock,Casa da Bebida,1139,BRL,379.91,https://www.casadabebida.com.br/whisky/glenlivet-15-anos-750-ml/
2022-05-01 01:49:52.963591,Laphroaig,Whisky Laphroaig 10 Anos 750 ml,InStock,Casa da Bebida,750,BRL,398.91,https://www.casadabebida.com.br/whisky/whisky-laphroaig-10-anos/
2022-05-01 01:49:55.185223,Macallan,Whisky Macallan Sherry Oak 12 anos 700 ml,InStock,Casa da Bebida,2744,BRL,854.91,https://www.casadabebida.com.br/whisky/macallan-sherry-oak-12-anos-700-ml/
2022-05-01 01:49:56.957100,Macallan,Whisky The Macallan 18 anos - Double Cask 700 ml,InStock,Casa da Bebida,226,BRL,3061.76,https://www.casadabebida.com.br/whisky/whisky-the-macallan-18-anos/
2022-05-02 01:24:02.012996,Singleton,Whisky Singleton 12 Anos Dufftown 700 ml,InStock,Casa da Bebida,874,BRL,189.91,https://www.casadabebida.com.br/whisky/singleton-12-anos-of-glen-ord-700-ml/
2022-05-02 01:24:06.181532,Glenfiddich,Whisky Glenfiddich 12 anos 750ml,InStock,Casa da Bebida,114,BRL,284.91,https://www.casadabebida.com.br/whisky/single-malt/whisky-glenfiddich-12-anos/
2022-05-02 01:24:03.752260,Glenkinchie,Whisky Glenkinchie 12 Anos 750 ml - Single Malt,InStock,Casa da Bebida,873,BRL,351.41,https://www.casadabebida.com.br/whisky/glenkinchie-12-anos-750-ml/
2022-05-02 01:24:07.915957,Talisker,Whisky Talisker 10 anos 750 ml,InStock,Casa da Bebida,872,BRL,379.91,https://www.casadabebida.com.br/whisky/talisker-10-anos-750-ml/
2022-05-02 01:24:09.598679,Johnnie Walker,Whisky Johnnie Walker Green Label 750 ml,InStock,Casa da Bebida,15,BRL,379.91,https://www.casadabebida.com.br/whisky/whisky-johnnie-walker-green-label/
2022-05-02 01:24:11.345504,Glenlivet,Whisky Glenlivet 15 anos 750 ml,InStock,Casa da Bebida,1139,BRL,379.91,https://www.casadabebida.com.br/whisky/glenlivet-15-anos-750-ml/
2022-05-02 01:24:13.012698,Laphroaig,Whisky Laphroaig 10 Anos 750 ml,InStock,Casa da Bebida,750,BRL,398.91,https://www.casadabebida.com.br/whisky/whisky-laphroaig-10-anos/
2022-05-02 01:24:14.758104,Macallan,Whisky Macallan Sherry Oak 12 anos 700 ml,InStock,Casa da Bebida,2744,BRL,854.91,https://www.casadabebida.com.br/whisky/macallan-sherry-oak-12-anos-700-ml/
2022-05-02 01:24:17.277039,Macallan,Whisky The Macallan 18 anos - Double Cask 700 ml,InStock,Casa da Bebida,226,BRL,3061.76,https://www.casadabebida.com.br/whisky/whisky-the-macallan-18-anos/
2022-05-03 01:24:11.451874,Singleton,Whisky Singleton 12 Anos Dufftown 700 ml,InStock,Casa da Bebida,874,BRL,189.91,https://www.casadabebida.com.br/whisky/singleton-12-anos-of-glen-ord-700-ml/
2022-05-03 01:24:14.658442,Glenfiddich,Whisky Glenfiddich 12 anos 750ml,InStock,Casa da Bebida,114,BRL,284.91,https://www.casadabebida.com.br/whisky/single-malt/whisky-glenfiddich-12-anos/
2022-05-03 01:24:13.088427,Glenkinchie,Whisky Glenkinchie 12 Anos 750 ml - Single Malt,InStock,Casa da Bebida,873,BRL,351.41,https://www.casadabebida.com.br/whisky/glenkinchie-12-anos-750-ml/
2022-05-03 01:24:16.975481,Talisker,Whisky Talisker 10 anos 750 ml,InStock,Casa da Bebida,872,BRL,379.91,https://www.casadabebida.com.br/whisky/talisker-10-anos-750-ml/
2022-05-03 01:24:18.532895,Johnnie Walker,Whisky Johnnie Walker Green Label 750 ml,InStock,Casa da Bebida,15,BRL,379.91,https://www.casadabebida.com.br/whisky/whisky-johnnie-walker-green-label/
2022-05-03 01:24:20.186960,Glenlivet,Whisky Glenlivet 15 anos 750 ml,InStock,Casa da Bebida,1139,BRL,379.91,https://www.casadabebida.com.br/whisky/glenlivet-15-anos-750-ml/
2022-05-03 01:24:22.634255,Laphroaig,Whisky Laphroaig 10 Anos 750 ml,InStock,Casa da Bebida,750,BRL,398.91,https://www.casadabebida.com.br/whisky/whisky-laphroaig-10-anos/
2022-05-03 01:24:24.314448,Macallan,Whisky Macallan Sherry Oak 12 anos 700 ml,InStock,Casa da Bebida,2744,BRL,854.91,https://www.casadabebida.com.br/whisky/macallan-sherry-oak-12-anos-700-ml/
2022-05-03 01:24:26.079839,Macallan,Whisky The Macallan 18 anos - Double Cask 700 ml,InStock,Casa da Bebida,226,BRL,3061.76,https://www.casadabebida.com.br/whisky/whisky-the-macallan-18-anos/
2022-05-04 01:22:22.666592,Singleton,Whisky Singleton 12 Anos Dufftown 700 ml,InStock,Casa da Bebida,874,BRL,189.91,https://www.casadabebida.com.br/whisky/singleton-12-anos-of-glen-ord-700-ml/
2022-05-04 01:22:25.418109,Glenfiddich,Whisky Glenfiddich 12 anos 750ml,InStock,Casa da Bebida,114,BRL,284.91,https://www.casadabebida.com.br/whisky/single-malt/whisky-glenfiddich-12-anos/
2022-05-04 01:22:24.055315,Glenkinchie,Whisky Glenkinchie 12 Anos 750 ml - Single Malt,InStock,Casa da Bebida,873,BRL,351.41,https://www.casadabebida.com.br/whisky/glenkinchie-12-anos-750-ml/
2022-05-04 01:22:26.796701,Talisker,Whisky Talisker 10 anos 750 ml,InStock,Casa da Bebida,872,BRL,379.91,https://www.casadabebida.com.br/whisky/talisker-10-anos-750-ml/
2022-05-04 01:22:28.535278,Johnnie Walker,Whisky Johnnie Walker Green Label 750 ml,InStock,Casa da Bebida,15,BRL,379.91,https://www.casadabebida.com.br/whisky/whisky-johnnie-walker-green-label/
2022-05-04 01:22:29.914634,Glenlivet,Whisky Glenlivet 15 anos 750 ml,InStock,Casa da Bebida,1139,BRL,379.91,https://www.casadabebida.com.br/whisky/glenlivet-15-anos-750-ml/
2022-05-04 01:22:32.213780,Laphroaig,Whisky Laphroaig 10 Anos 750 ml,InStock,Casa da Bebida,750,BRL,398.91,https://www.casadabebida.com.br/whisky/whisky-laphroaig-10-anos/
2022-05-04 01:22:33.573609,Macallan,Whisky Macallan Sherry Oak 12 anos 700 ml,InStock,Casa da Bebida,2744,BRL,854.91,https://www.casadabebida.com.br/whisky/macallan-sherry-oak-12-anos-700-ml/
2022-05-04 01:22:35.077897,Macallan,Whisky The Macallan 18 anos - Double Cask 700 ml,InStock,Casa da Bebida,226,BRL,3061.76,https://www.casadabebida.com.br/whisky/whisky-the-macallan-18-anos/
2022-05-05 01:20:19.024542,Singleton,Whisky Singleton 12 Anos Dufftown 700 ml,InStock,Casa da Bebida,874,BRL,189.91,https://www.casadabebida.com.br/whisky/singleton-12-anos-of-glen-ord-700-ml/
2022-05-05 01:20:22.555464,Glenfiddich,Whisky Glenfiddich 12 anos 750ml,InStock,Casa da Bebida,114,BRL,284.91,https://www.casadabebida.com.br/whisky/single-malt/whisky-glenfiddich-12-anos/
2022-05-05 01:20:20.776941,Glenkinchie,Whisky Glenkinchie 12 Anos 750 ml - Single Malt,InStock,Casa da Bebida,873,BRL,351.41,https://www.casadabebida.com.br/whisky/glenkinchie-12-anos-750-ml/
2022-05-05 01:20:24.437312,Talisker,Whisky Talisker 10 anos 750 ml,InStock,Casa da Bebida,872,BRL,379.91,https://www.casadabebida.com.br/whisky/talisker-10-anos-750-ml/
2022-05-05 01:20:26.197790,Johnnie Walker,Whisky Johnnie Walker Green Label 750 ml,InStock,Casa da Bebida,15,BRL,379.91,https://www.casadabebida.com.br/whisky/whisky-johnnie-walker-green-label/
2022-05-05 01:20:27.975644,Glenlivet,Whisky Glenlivet 15 anos 750 ml,InStock,Casa da Bebida,1139,BRL,379.91,https://www.casadabebida.com.br/whisky/glenlivet-15-anos-750-ml/
2022-05-05 01:20:29.938558,Laphroaig,Whisky Laphroaig 10 Anos 750 ml,InStock,Casa da Bebida,750,BRL,398.91,https://www.casadabebida.com.br/whisky/whisky-laphroaig-10-anos/
2022-05-05 01:20:31.715375,Macallan,Whisky Macallan Sherry Oak 12 anos 700 ml,InStock,Casa da Bebida,2744,BRL,854.91,https://www.casadabebida.com.br/whisky/macallan-sherry-oak-12-anos-700-ml/
2022-05-05 01:20:33.678362,Macallan,Whisky The Macallan 18 anos - Double Cask 700 ml,InStock,Casa da Bebida,226,BRL,3061.76,https://www.casadabebida.com.br/whisky/whisky-the-macallan-18-anos/
2022-05-06T01:11:04.157691,Singleton,Whisky Singleton 12 Anos Dufftown 700 ml,InStock,Casa da Bebida,874,BRL,189.91,https://www.casadabebida.com.br/whisky/singleton-12-anos-of-glen-ord-700-ml/
2022-05-06T01:11:07.356675,Glenfiddich,Whisky Glenfiddich 12 anos 750ml,InStock,Casa da Bebida,114,BRL,284.91,https://www.casadabebida.com.br/whisky/single-malt/whisky-glenfiddich-12-anos/
2022-05-06T01:11:05.757754,Glenkinchie,Whisky Glenkinchie 12 Anos 750 ml - Single Malt,InStock,Casa da Bebida,873,BRL,351.41,https://www.casadabebida.com.br/whisky/glenkinchie-12-anos-750-ml/
2022-05-06T01:11:09.054007,Talisker,Whisky Talisker 10 anos 750 ml,InStock,Casa da Bebida,872,BRL,379.91,https://www.casadabebida.com.br/whisky/talisker-10-anos-750-ml/
2022-05-06T01:11:10.589676,Johnnie Walker,Whisky Johnnie Walker Green Label 750 ml,InStock,Casa da Bebida,15,BRL,379.91,https://www.casadabebida.com.br/whisky/whisky-johnnie-walker-green-label/
2022-05-06T01:11:12.397664,Glenlivet,Whisky Glenlivet 15 anos 750 ml,InStock,Casa da Bebida,1139,BRL,379.91,https://www.casadabebida.com.br/whisky/glenlivet-15-anos-750-ml/
2022-05-06T01:11:13.945497,Laphroaig,Whisky Laphroaig 10 Anos 750 ml,InStock,Casa da Bebida,750,BRL,398.91,https://www.casadabebida.com.br/whisky/whisky-laphroaig-10-anos/
2022-05-06T01:11:15.536285,Macallan,Whisky Macallan Sherry Oak 12 anos 700 ml,InStock,Casa da Bebida,2744,BRL,854.91,https://www.casadabebida.com.br/whisky/macallan-sherry-oak-12-anos-700-ml/
2022-05-06T01:11:17.093922,Macallan,Whisky The Macallan 18 anos - Double Cask 700 ml,InStock,Casa da Bebida,226,BRL,3061.76,https://www.casadabebida.com.br/whisky/whisky-the-macallan-18-anos/
